{
    "postURL": "https://mbasic.facebook.com/groups/804276106323782/permalink/1046302108787846",
    "top_level_post_id": 1046302108787846,
    "PostedBy": "https://mbasic.facebook.com/100003392635636",
    "IDofPostedBy": 100003392635636,
    "OriginalPostURL": null,
    "original_content_id": null,
    "original_content_owner_id": null,
    "postedDateTime": "2016-06-26 17:16 ",
    "OriginallyPublishedOn": "https://mbasic.facebook.com/groups/804276106323782",
    "OriginallyPublishedOn_id": 804276106323782,
    "caption": "ලංකාවේ ගායන ශිල්පිනීන් අතර සිටින පහළ/මන්ද්‍ර ස්වර වැඩි වශයෙන් ඇසුරු කරන (Alto පරාසයේ කටහඬ ඇති) ගායිකාවන් නම් කරන්න.",
    "privacy": "Public",
    "photo_id": null,
    "photo_url": null,
    "MainImageSavedLocation": null,
    "video_thumbnail": "no",
    "video_id": null,
    "VideoThumbnailSavedLocation": null,
    "sharesCount": 0,
    "react": {
        "total": 21,
        "like": 21,
        "love": 0,
        "haha": 0,
        "wow": 0,
        "sad": 0,
        "angry": 0,
        "care": 0
    },
    "commentCount": 9,
    "comments": [
        {
            "comment_id": 1046737078744349,
            "commented_by": "https://mbasic.facebook.com/subhani.anuradha?refid=18&__tn__=R",
            "commentText": "නන්දා මාලිනිය, දීපිකා ප්‍රියදර්ශණිය, ප්‍රදීපා ධර්මදාස,",
            "comment_image_id": null,
            "comment_image_url": null,
            "comment_image_download_location": null,
            "comment_gif_image_url": null,
            "react": {
                "total": 0,
                "like": 0,
                "love": 0,
                "haha": 0,
                "wow": 0,
                "sad": 0,
                "angry": 0,
                "care": 0
            },
            "reply_count": 0,
            "replies": {}
        },
        {
            "comment_id": 1046762695408454,
            "commented_by": "https://mbasic.facebook.com/buddhi.jayasekara.1?refid=18&__tn__=R",
            "commentText": "දීපිකා ප්‍රියදර්ශනී, ලක්මිණි උඩවත්ත  නිවැරදි පිළිතුරු ලෙස බාර ගත හැකියි. නීලා වික්‍රමසිංහ උච්ඡ ස්වර ගායනා කරන ගායිකාවක්.ප්‍රදීපා ධර්මදාස කේමදාසයන්ගේ ඔපෙරා, නාට්‍ය වල ගායනා කළේ ඉහල ස්වර සහිත ගායනා යි. නාලිනී රණසිංහ, නිර්මලා රණතුංග, අමිතා වැදිසිංහ මන්ද්‍ර ස්වර වැඩි වශයෙන් ඇසුරු කරන හඬවල් නොවෙයි. රුක්මණී දේවිය වැඩි වශයෙන් ගැයුවේ ඉහළ ස්වර සහිත ගීත යි.",
            "comment_image_id": null,
            "comment_image_url": null,
            "comment_image_download_location": null,
            "comment_gif_image_url": null,
            "react": {
                "total": 4,
                "like": 4,
                "love": 0,
                "haha": 0,
                "wow": 0,
                "sad": 0,
                "angry": 0,
                "care": 0
            },
            "reply_count": 0,
            "replies": {}
        },
        {
            "comment_id": 1046768032074587,
            "commented_by": "https://mbasic.facebook.com/induHAlex?refid=18&__tn__=R",
            "commentText": "Nanda malini thama mulinma mama hithanne.  Aalaya wan manram Kawikam dena ..",
            "comment_image_id": null,
            "comment_image_url": null,
            "comment_image_download_location": null,
            "comment_gif_image_url": null,
            "react": {
                "total": 0,
                "like": 0,
                "love": 0,
                "haha": 0,
                "wow": 0,
                "sad": 0,
                "angry": 0,
                "care": 0
            },
            "reply_count": 0,
            "replies": {}
        },
        {
            "comment_id": 1047092218708835,
            "commented_by": "https://mbasic.facebook.com/anusha.godakanda?refid=18&__tn__=R",
            "commentText": "නන්දා මාලනී නන්දා පතිරන. අයිරින් දඅල්විස් හේමන්තා සන්දනායක ත්‍යාගා එන් එඩ්වඩ්",
            "comment_image_id": null,
            "comment_image_url": null,
            "comment_image_download_location": null,
            "comment_gif_image_url": null,
            "react": {
                "total": 4,
                "like": 4,
                "love": 0,
                "haha": 0,
                "wow": 0,
                "sad": 0,
                "angry": 0,
                "care": 0
            },
            "reply_count": 0,
            "replies": {}
        },
        {
            "comment_id": 1047412928676764,
            "commented_by": "https://mbasic.facebook.com/buddhi.jayasekara.1?refid=18&__tn__=R",
            "commentText": "දයා හේමන්තා අබේසේකර නිවැරදි පිළිතුරක්.",
            "comment_image_id": null,
            "comment_image_url": null,
            "comment_image_download_location": null,
            "comment_gif_image_url": null,
            "react": {
                "total": 1,
                "like": 1,
                "love": 0,
                "haha": 0,
                "wow": 0,
                "sad": 0,
                "angry": 0,
                "care": 0
            },
            "reply_count": 0,
            "replies": {}
        },
        {
            "comment_id": 1048741925210531,
            "commented_by": "https://mbasic.facebook.com/buddhi.jayasekara.1?refid=18&__tn__=R",
            "commentText": "තව එක් සුවිශේෂී කටහඬක් හැමෝටම අමතක වෙලා. ඒ තමයි පුණ්‍යා කත්‍රිආරච්චි.",
            "comment_image_id": null,
            "comment_image_url": null,
            "comment_image_download_location": null,
            "comment_gif_image_url": null,
            "react": {
                "total": 2,
                "like": 2,
                "love": 0,
                "haha": 0,
                "wow": 0,
                "sad": 0,
                "angry": 0,
                "care": 0
            },
            "reply_count": 0,
            "replies": {}
        },
        {
            "comment_id": 1048744435210280,
            "commented_by": "https://mbasic.facebook.com/sahankaseera?refid=18&__tn__=R",
            "commentText": "මෑත කාලයේ බිහිවුණු හොඳම හඬ ලක්මිණි උඩවත්ත",
            "comment_image_id": null,
            "comment_image_url": null,
            "comment_image_download_location": null,
            "comment_gif_image_url": null,
            "react": {
                "total": 0,
                "like": 0,
                "love": 0,
                "haha": 0,
                "wow": 0,
                "sad": 0,
                "angry": 0,
                "care": 0
            },
            "reply_count": 0,
            "replies": {}
        },
        {
            "comment_id": 1048745448543512,
            "commented_by": "https://mbasic.facebook.com/buddhi.jayasekara.1?refid=18&__tn__=R",
            "commentText": "ඉහළ ස්වර ගැයීමට ඇති හැකියාව මෙන් ම සාර්ථක ව පහළ ස්වර ගැයීමට ඇති හැකියාව ද එක සේ වැදගත් වන දක්ෂතාවයන් ය.",
            "comment_image_id": null,
            "comment_image_url": null,
            "comment_image_download_location": null,
            "comment_gif_image_url": null,
            "react": {
                "total": 2,
                "like": 1,
                "love": 1,
                "haha": 0,
                "wow": 0,
                "sad": 0,
                "angry": 0,
                "care": 0
            },
            "reply_count": 0,
            "replies": {}
        },
        {
            "comment_id": 2942036505881054,
            "commented_by": "https://mbasic.facebook.com/buddhi.jayasekara.1?refid=18&__tn__=R",
            "commentText": "නිවැරදි කිරීමක්, සුජාතා අත්තනායක මහත්මිය, නීලා වික්‍රමසිංහ මහත්මිය ත් මුල් කාලයේ පහළ ස්වර අඩංගු ගීත හොඳින් ගායනා කළා.",
            "comment_image_id": null,
            "comment_image_url": null,
            "comment_image_download_location": null,
            "comment_gif_image_url": null,
            "react": {
                "total": 0,
                "like": 0,
                "love": 0,
                "haha": 0,
                "wow": 0,
                "sad": 0,
                "angry": 0,
                "care": 0
            },
            "reply_count": 0,
            "replies": {}
        }
    ],
    "group_photo_count": 0,
    "group_photos": []
}