{
    "postURL": "https://mbasic.facebook.com/groups/804276106323782/permalink/804276109657115",
    "top_level_post_id": 804276109657115,
    "PostedBy": "https://mbasic.facebook.com/100000745863919",
    "IDofPostedBy": 100000745863919,
    "OriginalPostURL": null,
    "original_content_id": null,
    "original_content_owner_id": null,
    "postedDateTime": "2015-04-4 23:06 ",
    "OriginallyPublishedOn": "https://mbasic.facebook.com/groups/804276106323782",
    "OriginallyPublishedOn_id": 804276106323782,
    "caption": null,
    "privacy": "Public",
    "photo_id": null,
    "photo_url": null,
    "MainImageSavedLocation": null,
    "video_thumbnail": "no",
    "video_id": null,
    "VideoThumbnailSavedLocation": null,
    "sharesCount": 0,
    "react": {
        "total": 176,
        "like": 169,
        "love": 1,
        "haha": 2,
        "wow": 4,
        "sad": 0,
        "angry": 0,
        "care": 0
    },
    "commentCount": 10,
    "comments": [
        {
            "comment_id": 1917050345046347,
            "commented_by": "https://mbasic.facebook.com/lahiru.lasantha.7?refid=18&__tn__=R",
            "commentText": "මොකෑ මේ",
            "comment_image_id": null,
            "comment_image_url": null,
            "comment_image_download_location": null,
            "comment_gif_image_url": null,
            "react": {
                "total": 0,
                "like": 0,
                "love": 0,
                "haha": 0,
                "wow": 0,
                "sad": 0,
                "angry": 0,
                "care": 0
            },
            "reply_count": 0,
            "replies": {}
        },
        {
            "comment_id": 1917125251705523,
            "commented_by": "https://mbasic.facebook.com/maduka.denivita?refid=18&__tn__=R",
            "commentText": "ඇත්තටම ඔයා මෙහෙම දෙයක් කලා කියල ශුවර්ද..?? Mudiya Mudi 😀😀",
            "comment_image_id": null,
            "comment_image_url": null,
            "comment_image_download_location": null,
            "comment_gif_image_url": null,
            "react": {
                "total": 6,
                "like": 0,
                "love": 0,
                "haha": 5,
                "wow": 1,
                "sad": 0,
                "angry": 0,
                "care": 0
            },
            "reply_count": 0,
            "replies": {}
        },
        {
            "comment_id": 1917143788370336,
            "commented_by": "https://mbasic.facebook.com/jeewaka.u.fernando?refid=18&__tn__=R",
            "commentText": "මේම දේක උපත..",
            "comment_image_id": null,
            "comment_image_url": null,
            "comment_image_download_location": null,
            "comment_gif_image_url": null,
            "react": {
                "total": 2,
                "like": 0,
                "love": 0,
                "haha": 0,
                "wow": 2,
                "sad": 0,
                "angry": 0,
                "care": 0
            },
            "reply_count": 0,
            "replies": {}
        },
        {
            "comment_id": 1917145498370165,
            "commented_by": "https://mbasic.facebook.com/W.D.S.Fernand?refid=18&__tn__=R",
            "commentText": "මොකද බන් මේ",
            "comment_image_id": null,
            "comment_image_url": null,
            "comment_image_download_location": null,
            "comment_gif_image_url": null,
            "react": {
                "total": 0,
                "like": 0,
                "love": 0,
                "haha": 0,
                "wow": 0,
                "sad": 0,
                "angry": 0,
                "care": 0
            },
            "reply_count": 0,
            "replies": {}
        },
        {
            "comment_id": 1917159988368716,
            "commented_by": "https://mbasic.facebook.com/btjayakody?refid=18&__tn__=R",
            "commentText": "අවුරුදු 3කට කලිං... ඇහැරල උන්න දවසක්...",
            "comment_image_id": null,
            "comment_image_url": null,
            "comment_image_download_location": null,
            "comment_gif_image_url": null,
            "react": {
                "total": 1,
                "like": 0,
                "love": 0,
                "haha": 1,
                "wow": 0,
                "sad": 0,
                "angry": 0,
                "care": 0
            },
            "reply_count": 0,
            "replies": {}
        },
        {
            "comment_id": 1920324821385566,
            "commented_by": "https://mbasic.facebook.com/shanaka.i.peiris?refid=18&__tn__=R",
            "commentText": "අද පටන් Admin Approval ක්‍රමය සමූහය තුළ ක්‍රියාත්මක කිරීමට සිදු වී ඇති කණගාටුවෙන් දැනුම් දෙමු.",
            "comment_image_id": null,
            "comment_image_url": null,
            "comment_image_download_location": null,
            "comment_gif_image_url": null,
            "react": {
                "total": 6,
                "like": 5,
                "love": 1,
                "haha": 0,
                "wow": 0,
                "sad": 0,
                "angry": 0,
                "care": 0
            },
            "reply_count": 0,
            "replies": {}
        },
        {
            "comment_id": 1920326928052022,
            "commented_by": "https://mbasic.facebook.com/SanjayaSiriweera?refid=18&__tn__=R",
            "commentText": ":)",
            "comment_image_id": null,
            "comment_image_url": null,
            "comment_image_download_location": null,
            "comment_gif_image_url": null,
            "react": {
                "total": 0,
                "like": 0,
                "love": 0,
                "haha": 0,
                "wow": 0,
                "sad": 0,
                "angry": 0,
                "care": 0
            },
            "reply_count": 0,
            "replies": {}
        },
        {
            "comment_id": 1891798287794793,
            "commented_by": "https://mbasic.facebook.com/browse/questions/option/voters/?oid=1891798287794793&refid=18&__tn__=HR",
            "commentText": null,
            "comment_image_id": null,
            "comment_image_url": null,
            "comment_image_download_location": null,
            "comment_gif_image_url": null,
            "react": {
                "total": 0,
                "like": 0,
                "love": 0,
                "haha": 0,
                "wow": 0,
                "sad": 0,
                "angry": 0,
                "care": 0
            },
            "reply_count": 0,
            "replies": {}
        },
        {
            "comment_id": 275895239912154,
            "commented_by": "https://mbasic.facebook.com/browse/questions/option/voters/?oid=275895239912154&refid=18&__tn__=HR",
            "commentText": null,
            "comment_image_id": null,
            "comment_image_url": null,
            "comment_image_download_location": null,
            "comment_gif_image_url": null,
            "react": {
                "total": 0,
                "like": 0,
                "love": 0,
                "haha": 0,
                "wow": 0,
                "sad": 0,
                "angry": 0,
                "care": 0
            },
            "reply_count": 0,
            "replies": {}
        },
        {
            "comment_id": 2911583975592974,
            "commented_by": "https://mbasic.facebook.com/shanaka.i.peiris?refid=18&__tn__=R",
            "commentText": "අදට මේ සමූහයට අවුරුදු පහක් පිරෙනවා. මුලින්ම මේ දක්වා සමූහය තුළ සංවාද ගොඩ නගමින්, ප්‍රශ්න අසමින්, මත විමසුම් කරමින් රණ්ඩු වෙමින් යාළු වෙමින් මේ දක්වා රැඳී ඉන්න ඔබ සැමට ස්තූතියි. ඒ වගේම මේ දක්වා සමූහයේ පරිපාලන කටයුතුවලට විවිධ කාලවලදී දායක වුණු පරිපාලකවරුන් සියලු දෙනාවත් විශේෂයෙන් මතක් කරනවා. විවිධ අවස්තාවල සමූහයෙන් බැහර වුණු සහ මේ භවයෙන් නික්මුණු අපේ හිත මිතුරන්වත් ආදරයෙන් මේ මොහොතේ සිහිපත් කරනවා.",
            "comment_image_id": null,
            "comment_image_url": null,
            "comment_image_download_location": null,
            "comment_gif_image_url": null,
            "react": {
                "total": 3,
                "like": 3,
                "love": 0,
                "haha": 0,
                "wow": 0,
                "sad": 0,
                "angry": 0,
                "care": 0
            },
            "reply_count": 0,
            "replies": {}
        }
    ],
    "group_photo_count": 0,
    "group_photos": []
}